第,1,回,2020/11/7,ムク,5,ハム,4
第,2,回,2020/11/21,105bank,6,ハム,8
第,3,回,2020/12/5,光るそば,4,サカチ,10
第,4,回,2020/12/19,DeNA,9,ハム,10
第,5,回,2021/1/3,ハム,7,みそ,3
第,6,回,2021/1/16,カレー,37,ハム,21
第,7,回,2021/1/30,ハム,7,ホエール,5
第,8,回,2021/2/13,バファロー,3,ホエール,2
第,8.5,回,2021/2/20,ライオン,6,ハム,7
第,9,回,2021/2/27,ベーコン,1,ハム,2
第,10,回,2021/3/13,そば,5,うどん,6
第,11,回,2021/3/27,カープ,7,ハム,8
第,12,回,2021/4/3,致死量,3,ハム,5
第,13,回,2021/4/10,ホルモン,9,ハム,8
第,14,回,2021/4/17,ツナ,10,ハム,3
第,15,回,2021/4/24,ハム,10,タラコ,7
第,16,回,2021/5/1,マヨ,4,ハム,5
第,17,回,2021/5/8,ハム,3,ちくわ,5
第,18,回,2021/5/15,ハム,6,近鉄,2
VRCイベント同行会,,,2021/5/19,サナキ,12,まさこ,19
第,19,回,2021/5/22,ハム,1,ウィンナー,3
第,20,回,2021/5/29,ハム,1,レイズ,2
第,21,回,2021/6/5,ハム,3,ブタ,4
第,22,回,2021/6/12,のんべい,7,しらふ,3
第,23,回,2021/6/19,ゴシック,3,みんちょう,4
第,24,回,2021/6/26,お肉,12,巨人,3
第,25,回,2021/7/3,ハム,13,サリム,11
第,26,回,2021/7/10,ラム,2,すし,5
第,27,回,2021/7/17,チンピラ,4,ピッツァ,2
第,28,回,2021/7/24,チンピラ,0,チキン,3
第,29,回,2021/7/31,ファイターズ,13,カープ,6
第,30,回,2021/8/7,チョコ,11,バナナ,3
第,31,回,2021/8/14,えぺ,7,ぱぶ,4
第,32,回,2021/8/21,ヨコハマ,5,ミート,10
第,33,回,2021/8/28,ガム,10,グミ,8
第,34,回,2021/9/4,サメ,1,チンチラ,2
第,35,回,2021/9/11,月バー,6,モス,0
第,36,回,2021/9/18,ハム,12,フランクフルト,2
第,37,回,2021/9/25,お月見,0,ムクムク,3
第,38,回,2021/10/2,スチーム,1,メンマ,3
第,39,回,2021/10/9,ムク虐,0,酔っぱらい,4
第,40,回,2021/10/16,さくさく,6,ハム,0
第,41,回,2021/10/23,からあげ,2,タツタ,0
第,42,回,2021/10/30,トリック,2,トリート,1
第,43,回,2021/11/6,クマ,6,アライ,1
第,44,回,2021/11/13,Small,2,Big,1
第,45,回,2021/11/20,西武,1,DeNA,1
第,46,回,2021/11/27,西武,6,DeNA,2
第,47,回,2021/12/4,チキン,6,フィッシュ,0
第,48,回,2021/12/11,太陽,3,北風,1
第,49,回,2021/12/18,モス,12,ドムドム,5
第,50,回,2021/12/25,トナカイ,17,サンタ,2
第,51,回,2022/1/4,もち,5,そば,4
第,52,回,2022/1/8,トラ,5,ウシ,5
第,53,回,2022/1/15,おなか,3,せなか,3
第,54,回,2022/1/22,ひたい,3,あご,4
第,55,回,2022/1/29,OL,7,中年,3
第,56,回,2022/2/5,まめ,3,おに,1
第,57,回,2022/2/12,ざい,6,ばつ,7
第,58(1),回,2022/2/19,ニューヨーク,5,ヤンキース,6
第,58(2),回,,カルシウム,4,ナトリウム,1
第,59(1),回,2022/2/26,巨人,6,マリナーズ,4
第,59(2),回,,コラーゲン,0,ローヤル,7
第,60(1),回,2022/3/5,ベイ,6,スターズ,3
第,60(2),回,,ピーチ,10,デイジー,2
第,61(1),回,2022/3/12,広島風,0,関西風,17
第,61(2),回,,ウナ,1,サナキ,5
第,62(1),回,2022/3/19,ホエールズ,8,ブレーブス,9
第,62(2),回,,芸人,6,アイドル,7