第,186(1),回,2024/8/3,ゆきち,7,えいいち,1
第,186(2),回,2024/8/3,おおさか,6,あきば,6
第,187(1),回,2024/8/10,山,8,海,7
第,187(2),回,2024/8/10,甲子園,4,神宮,11
第,187(3),回,2024/8/10,あくもち,1,ねったぽ,15
第,188(1),回,2024/8/17,原巨人,5,早実,4
第,188(2),回,2024/8/17,ビビンパ,12,お好み焼き,16
第,189(1),回,2024/8/24,PL,4,Y高,5
第,189(2),回,2024/8/24,やっかいオタク,3,アイドル,1
第,189(3),回,2024/8/24,ホームラン,3,盗塁,6
第,190(1),回,2024/8/31,帰ってきたサナキ,3,いつ帰ってたのサナキ,2
第,190(2),回,2024/8/31,ムック,6,ムク,7
第,190(3),回,2024/8/31,肉,5,魚,5
第,191(1),回,2024/9/7,いごサッカー,3,チェスボクシング,7
第,191(2),回,2024/9/7,月見,5,塩見,6
第,191(3),回,2024/9/7,やきう,0,ベースボール,8
第,192(1),回,2024/9/14,ビギナーズ,3,ルーキーズ,4
第,192(2),回,2024/9/14,岡田,4,金子,3
第,192(3),回,2024/9/14,ドランプ,7,バリス,10
第,193(1),回,2024/9/21,軽い球,6,一発,8
第,193(2),回,2024/9/21,2B,0,2H,6
第,193(3),回,2024/9/21,中秋,3,名月,4
第,193(4),回,2024/9/21,マナベリ,5,おちない,8
第,194(1),回,2024/9/28,バッファロー,5,エレコム,8
第,194(2),回,2024/9/28,ソフトバンク,5,ジャイアンツ,7
第,194(3),回,2024/9/28,-,15,-,3
第,195(1),回,2024/10/5,大谷輝龍,10,大谷智久,8
第,195(2),回,2024/10/5,B,4,C,3
第,195(3),回,2024/10/5,ネコ,3,イヌ,5
第,196(1),回,2024/10/12,アッツ島,3,サムイ島,3
第,196(2),回,2024/10/12,はんしん,9,ろって,1
第,197(1),回,2024/10/19,ジャスコ,8,サティ,9
第,197(2),回,2024/10/19,D,9,G,1
第,197(3),回,2024/10/19,大阪,2,兵庫,1
第,198(1),回,2024/10/26,Apple,4,Android,6
第,198(2),回,2024/10/26,南海,1,TBS,4
第,198(3),回,2024/10/26,-,0,-,4
第,199(1),回,2024/11/2,199,4,319,2
第,199(2),回,2024/11/2,南海,10,大洋,4
第,199(3),回,2024/11/2,コアラのマーチ,6,ドアラのマーチ,7
第,200(1),回,2024/11/9,200,4,201,7
第,200(2),回,2024/11/9,FA,8,ポスティング,0
第,201(1),回,2024/11/16,BAKUDAN,12,SHURYU-DAN,8
第,201(2),回,2024/11/16,ランド,2,シー,5
第,201(3),回,2024/11/16,おにく,7,さかな,7
第,202(1),回,2024/11/23,(●▲●),1,(*^○^*),3
第,202(2),回,2024/11/23,T_T,7,$00BA △ $00BA,6
第,203(1),回,2024/11/30,ランス,3,$D83D$DC08,8
第,203(2),回,2024/11/30,バーガー,10,サンド,8
第,204(1),回,2024/12/7,ランス,1,VRC大交流会,9
第,204(2),回,2024/12/7,リアルVket,7,ランス,8
第,205(1),回,2024/12/14,ライマル,18,大勢,2
第,205(2),回,2024/12/14,2年24億,6,4年40億,5
第,206(1),回,2024/12/21,春,4,夏,4
第,206(2),回,2024/12/21,井川,4,西川,2
第,207(1),回,2024/12/28,2024,4,2025,2
第,207(2),回,2024/12/28,西川,5,九里,6
第,208(1),回,2025/1/4,ムクボール,13,ゆ～やぼ～る,8
第,208(2),回,2025/1/4,凶,4,吉,4
第,208(3),回,2025/1/4,ことしも,0,よろしく,0
第,209(1),回,2025/1/11,キツネ,6,タヌキ,4
第,209(2),回,2025/1/11,まきゅう,3,しきゅう,3
第,210(1),回,2025/1/18,hop,9,pop,4
第,210(2),回,2025/1/18,ゆーや,5,ランス,5
第,211(1),回,2025/1/25,青柳,5,小川,7
第,211(2),回,2025/1/25,濱田,6,東,0
第,212,回,2025/2/1,秋キャンプ,8,春キャンプ,7
第,213(1),回,2025/2/8,紅,7,白,12
第,213(2),回,2025/2/8,先行,5,後攻,6
第,214(1),回,2025/2/15,大山,3,クリーニング,16
第,214(2),回,2025/2/15,スープカレー,0,みそラーメン,2
第,215(1),回,2025/2/22,エアコン,3,こたつ,2
第,215(2),回,2025/2/22,ネコ,4,イヌ,4
第,216(2),回,2025/3/1,羽田,7,上沢,7
第,216(2),回,2025/3/1,ヴァルキリー,2,ヴァンテージ,2
第,217(1),回,2025/3/8,グリコ,8,ブルボン,6
第,217(2),回,2025/3/8,モンハン,13,ゴッドイーター,11
第,217(3),回,2025/3/8,-,11,-,2
第,218(1),回,2025/3/15,羽田,7,上沢,7
第,218(2),回,2025/3/15,カブス,3,ドジャース,2
第,219(1),回,2025/3/22,コンゴ,6,クロアチア,4
第,219(2),回,2025/3/22,ゆきしろず,7,ゆにしろず,9